Text,Lucida Sans Unicode,1666.6666666666674,-234.25000000000034,22.97394578559605,(required for more complex input system visualization)
Rectangle,715.0,194.0,456.0,200
Circle,1257.0,600.0,83.93337718827347
