Text,Lucida Sans Unicode,342.7083333333335,-284.375,22.97394578559605,TODO: put the style data on the Constraint maybe?
Rectangle,715.0,194.0,456.0,200
Circle,1257.0,600.0,83.93337718827347
