Text,Lucida Sans Unicode,247.91666666666674,-394.79166666666663,22.97394578559605,NOTE: can't save mulitple Style Components with identical data
Rectangle,715.0,194.0,456.0,200
Circle,1257.0,600.0,83.93337718827347
