Text,Lucida Sans Unicode,-180.20833333333326,-45.99999999999994,22.97394578559605,TODO: convert float -> int with #round not #to_i
Rectangle,715.0,194.0,456.0,200
Circle,1257.0,600.0,83.93337718827347
