Text,Lucida Sans Unicode,1203.1249999999995,899.649350278195,23,NOTE: different input phases and flows
Rectangle,715.0,194.0,456.0,200
Circle,1257.0,600.0,83.93337718827347
