Text,Lucida Sans Unicode,1582.291666666667,-747.9166666666667,23,apply Style to mulitple Entities at once
Rectangle,715.0,194.0,456.0,200
Circle,1257.0,600.0,83.93337718827347
