Text,Lucida Sans Unicode,1237.5,-499.33333333333354,22.97394578559605,TODO: rewrite 'empty space actions' as 'zero target actions'
Rectangle,715.0,194.0,456.0,200
Circle,1257.0,600.0,83.93337718827347
