Text,Lucida Sans Unicode,0.0,0.0,22.97394578559605,hello world
Rectangle,715.0,194.0,456.0,200
Circle,1257.0,600.0,83.93337718827347
