Text,Lucida Sans Unicode,-30.20833333333337,-1733.333333333333,23,"every time you set width, countersteer in a predictable way"
Rectangle,715.0,194.0,456.0,200
Circle,1257.0,600.0,83.93337718827347
