Text,Lucida Sans Unicode,332.2916666666668,887.5000000000005,22.97394578559605,"'press_enter' should fire an Action, not a raw event"
Rectangle,715.0,194.0,456.0,200
Circle,1257.0,600.0,83.93337718827347
