Text,Lucida Sans Unicode,1787.5000000000002,1166.7743502781948,23,May want to change how Text resizes horizontally on center drag
Rectangle,715.0,194.0,456.0,200
Circle,1257.0,600.0,83.93337718827347
