Text,Lucida Sans Unicode,-154.16666666666617,157.81601694486176,23,TODO: list current constraint backend objects
Rectangle,715.0,194.0,456.0,200
Circle,1257.0,600.0,83.93337718827347
