Text,Lucida Sans Unicode,1260.416666666667,-425.8698293098784,22.97394578559605,TODO: one one Space for UI and another for actual active document
Rectangle,715.0,194.0,456.0,200
Circle,1257.0,600.0,83.93337718827347
