Text,Lucida Sans Unicode,163.5416666666664,8.166666666666742,22.97394578559605,TODO: add / remove constraint Packages from the document in one command
Rectangle,715.0,194.0,456.0,200
Circle,1257.0,600.0,83.93337718827347
