Text,Lucida Sans Unicode,361.45833333333326,568.8160169448614,23,"( NOTE: edit = move verts, resize = aspect ratio lock )"
Rectangle,715.0,194.0,456.0,200
Circle,1257.0,600.0,83.93337718827347
