Text,Lucida Sans Unicode,2264.5833333333344,497.9166666666669,23,undo stack / history view
Rectangle,715.0,194.0,456.0,200
Circle,1257.0,600.0,83.93337718827347
