ThoughtTrace::Text,Lucida Sans Unicode,-669.7916666666667,-363.54166666666663,22.97394578559605,draw things to the screen
ThoughtTrace::Text,Lucida Sans Unicode,-392.70833333333337,-356.16666666666663,22.97394578559605,constraint system
ThoughtTrace::Text,Lucida Sans Unicode,-167.70833333333337,-365.4583333333333,22.97394578559605,action system
ThoughtTrace::Text,Lucida Sans Unicode,21.875,-366.41666666666663,22.97394578559605,input system
ThoughtTrace::Text,Lucida Sans Unicode,196.8749999999999,-359.0416666666666,22.97394578559605,new document format
ThoughtTrace::Text,Lucida Sans Unicode,445.83333333333337,-356.875,22.97394578559605,object types
ThoughtTrace::Text,Lucida Sans Unicode,-719.7916666666666,125.5,22.97394578559605,style
ThoughtTrace::Text,Lucida Sans Unicode,-721.8749999999998,225.58333333333343,22.97394578559605,style documentation
